,fname,score1,score2
826,TOTSQFT_EN,0.07750906335867365,0.003976721574452704
825,TOTSQFT,0.07398498897913819,0.003615320567465566
29,NCOMBATH,0.06679045616372822,0.0010452939809373455
10,AIA_Zone,0.06638144335627591,0.17404247727093555
434,HEATOTH,0.061898923163481646,0.00019058211496473707
428,FUELHEAT,0.047721625396510405,0.0002877360918733077
665,UGWARM,0.04287047170465018,0.00028778519321477744
2,REPORTABLE_DOMAIN,0.04021219413206025,0.0005348157170586949
675,FOWARM,0.02824521093762064,6.520243781283274e-06
703,PGASHEAT,0.023064748820844482,0.00035664668357735196
827,TOTHSQFT,0.021189958491503482,0.0009706902125734886
588,SWIMPOOL,0.020658400731170992,0.0007813649754350911
0,REGIONC,0.015639732931082267,0.0008344983172500041
670,LPWARM,0.013402396845229269,8.36144732955565e-05
7,HDD30YR,0.01221452998332084,0.001889533560025047
784,POVERTY100,0.01122338480055634,0.0006337883075360144
119,OVENCLN,0.009669423583228611,0.0009129717359914168
59,GARGCOOL,0.009509465512954039,0.004087843262594609
5,HDD65,0.00948927634068602,0.0029820689563255054
448,CARRYEL,0.008118498834308025,0.00034455855125509546
659,ELWARM,0.006987812453947466,0.0006958658867624012
56,SIZEOFGARAGE,0.005801012540280014,0.0017510023302172635
209,ZAGERFRI3,0.005370046462352937,0.0
829,TOTCSQFT,0.004740613025068963,0.0007566609655798512
14,YEARMADE,0.0046678636856368584,0.0017827212811645735
783,MONEYPY,0.004503089544802525,0.0005569923147796342
831,ZTOTSQFT,0.004382438954969184,0.0003126430301753292
55,PRKGPLC1,0.004289409897087302,0.0012924675993520247
44,BASEUSE,0.004231839948682739,0.0011051641941280644
21,NUMAPTS,0.004109182969771368,0.0004553902884844912
57,GARGLOC,0.004078775945050754,0.007145185667540785
697,PELHEAT,0.003911425660290188,0.0010025224224099619
28,BEDROOMS,0.0038801298651306992,0.0008044659122782308
15,YEARMADERANGE,0.003789810279113079,0.0013215052555581614
17,CONVERSION,0.003785248959885619,0.0004192804714671219
167,DISHWASH,0.0036016023744238485,0.0007378869430446226
121,MICRO,0.003299306532828039,0.00019556802319983243
828,TOTUSQFT,0.0032556775966170676,0.002622460503268121
30,NHAFBATH,0.003167974903321747,0.0006685592143737923
432,HELPHT,0.0030391266320700045,0.0006966811959906356
427,EQUIPM,0.002772730961178765,0.0005137010325286695
713,KERODEL,0.0025656016963722045,1.6468975686216498e-05
619,AGEWS,0.0025599505123138897,0.00042839041576447435
466,TEMPGONE,0.0024390109635809504,0.0009588001483684077
313,DIPSTICK,0.0023306566931472024,0.0007193283548713871
660,ELECAUX,0.002270783772927476,0.0004088201174056465
32,TOTROOMS,0.0021636749270561506,0.001059381496603806
45,ATTIC,0.0020657154703087204,0.0003007667385897671
433,HELPHTY,0.0020643777105299015,0.00019402051806796062
145,MONRFRI2,0.0019817907992684273,0.00021102994852865514
23,ROOFTYPE,0.001962500254520599,0.0007685717267467114
752,EMPLOYHH,0.0018928683347502477,0.0006778516955779062
549,WWACAGE,0.0018854594691985471,0.0004529989172744692
74,ZROOFTYPE,0.0018404685003147014,0.00015438338736598734
6,CDD65,0.001829168851956564,0.14931701739434228
594,LGT12EE,0.001770398367953471,0.0007350299915601934
542,PROTHERMAC,0.0016651480174144032,0.0001483244879398078
460,THERMAIN,0.0016230540678871456,0.000615191736258021
435,EQUIPAUX,0.0016043794927849322,0.0001759511981698456
58,GARGHEAT,0.0015676752069527246,0.0021852080187454714
22,WALLTYPE,0.001561740799706646,0.0007053175244538937
9,Climate_Region_Pub,0.0015593761981266966,0.004038905373390226
272,CABLESAT3,0.0015260659591540312,0.00038513748519129266
755,Householder_Race,0.00152466918349275,0.0011902220264244385
519,ZWHEATOTH,0.0015074838801078451,3.0184119232001328e-05
668,UGCOOK,0.001475843760261717,0.00019244583707170082
310,FAX,0.0014706173405240473,0.00016135012213667853
593,LGT12,0.0014207316655815141,0.0008068981671407903
467,TEMPNITE,0.001409949636328114,0.0005414933687315553
423,HEATHOME,0.0013893140757916399,1.093934841106017e-05
708,FOPAY,0.0013762103079206194,1.9584732998864416e-05
539,ACROOMS,0.0013626843301472354,0.0010635680993938642
16,OCCUPYYRANGE,0.0013602663729953793,0.0003676273107770142
548,NUMBERAC,0.001347591746379513,0.007575317881994578
122,AMTMICRO,0.0013464258377175573,0.0009223828753614355
8,CDD30YR,0.0013358247071302576,0.23917238217622216
129,NUMMEAL,0.0013296501115987553,0.001232191513874128
541,THERMAINAC,0.0013253191478703051,0.0011520198263765594
758,HHAGE,0.0013195308346464797,0.0008203329290695427
477,ZEQUIPAGE,0.0013049022119693394,0.0001607839439980011
778,RETIREPY,0.0013037217221634697,0.0004986199578148597
33,CELLAR,0.001297475736945413,0.0003714635935578441
62,OUTLET,0.0012945210915517378,0.0009193656898319212
773,ATHOME,0.0012759818612830616,0.0007160343201524906
750,KFUELOT,0.0012656995481392483,0.0005511454364391483
322,ELECDEV,0.0012632950348137532,0.0006206879849769369
38,BASEHEAT,0.0012591296470196728,0.000706561543712758
1,DIVISION,0.001243314434561678,0.0007042872861624717
289,MONITOR1,0.0012121034796477308,0.0007958407438970319
679,KRWARM,0.0012103652014785007,7.501795093766494e-06
612,ADQINSUL,0.0011949471722915886,0.0004415994310509719
133,TYPERFR1,0.0011865282278307762,0.0009630442373989858
65,ZYEARMADE,0.0011713875569785404,0.0004951598886806629
314,SWAMPCOL,0.0011647465568499792,0.0007708719906151746
620,HELPWS,0.001161973488612372,0.00032431379139545786
273,COMBODVR3,0.0011563500089776728,0.0004274694731499956
31,OTHROOMS,0.0011516688807468804,0.0006930932545595568
254,TVSIZE2,0.0011470043687666473,0.0005647940696833153
4,NWEIGHT,0.0011283514064361192,0.0009985841043015943
617,DRAFTY,0.0011261950749547637,0.0012028406047496106
465,TEMPHOME,0.0011127094327973944,0.0005592189770032394
123,DEFROST,0.0011074602474378807,0.0009157773170144698
308,INWIRELESS,0.0011041076115090437,0.0003558788541320922
507,WHEATAGE,0.0010992019833363526,0.001271968077247866
227,RNSETEMP,0.001096993417570079,0.0004814970769984617
430,EQUIPAGE,0.0010806725964067846,0.0006597733823155945
759,AGEHHMEMCAT2,0.0010783956683056374,0.0009378764041501769
319,BATTOOLS,0.0010602222669001237,0.0007561939241435934
138,ESFRIG,0.0010551396973267507,0.0007006235282633332
170,ESDISHW,0.0010510422263858726,0.00038276100176172663
35,CONCRETE,0.001043891604586847,0.0004300563752370081
240,CABLESAT1,0.0010193063903877254,0.00034726709282023404
613,INSTLINS,0.0010145014211836007,0.00045337214995431975
124,OUTGRILL,0.0010016394001233712,0.0005272117635198053
608,TYPEGLASS,0.0009992151134908772,0.0007623282528580529
535,AGECENAC,0.0009850677231445875,0.0006029620315892508
691,OTHWARM,0.0009770761590550887,1.5194198430486439e-05
599,NOUTLGTNT,0.0009601020873785719,0.00020144669157025853
429,MAINTHT,0.0009533278241054923,0.0006114028903334706
667,UGWATER,0.0009272642355658358,0.00011639036971388341
533,ACOTHERS,0.0009089160065281699,0.00026261500034012117
777,WORKPAY,0.0009033155483504833,0.0010009097704813917
751,HHSEX,0.0008908355015107176,0.001132013026791131
60,PRKGPLC2,0.000883959267874093,0.001796264693624154
521,ZWHEATAGE,0.000881930938595888,0.00030590873762145613
587,CATHCEIL,0.0008807439807291453,0.0005041026555684034
459,HEATROOM,0.0008737983678369327,0.0005959836305969989
320,BATCHRG,0.0008706107027423192,0.0005132409033760038
597,LGT1,0.0008694351641227877,0.0010083850330803047
756,EDUCATION,0.0008691499618134361,0.0007423095670358191
135,REFRIGT1,0.0008648066450316743,0.0005067281482289741
754,SDESCENT,0.00085988745363152,0.0002926873304170767
242,DVR1,0.0008585803674204031,0.00046197270602582434
199,ZAGERFRI1,0.0008554242843815979,0.000193317059836429
353,ZTVTYPE2,0.0008553089159007295,2.975668496231607e-06
607,WINDOWS,0.0008505471410645751,0.0008214712058231578
781,INVESTMT,0.0008329311090201922,0.00038961637131508964
506,WHEATSIZ,0.0008276440627554728,0.0005410123443140286
235,DRYRUSE,0.0008255184833229739,0.0004631336657718643
462,PROTHERM,0.0008252875834521214,0.0011959093444866597
239,TVTYPE1,0.0008174138261018423,0.00037499284860713876
557,TREESHAD,0.0008155363567011132,0.000504662189344381
753,SPOUSE,0.0008051067871297131,0.0008452514849325764
648,ZAGEWS,0.0008049533679336482,8.818970028846284e-06
118,OVENUSE,0.0008032705044006829,0.001075343118944825
757,NHSLDMEM,0.0007829348277384248,0.0003453475694849647
243,DIGITSTB1,0.0007793992100344367,0.0012303969916296399
698,PELHOTWA,0.0007642179513187088,0.0005813319024240546
34,CRAWL,0.0007594102668817992,0.0003283933125791896
304,INDIALUP,0.0007593053112287352,7.732611617014863e-05
137,AGERFRI1,0.0007588266060696553,0.0005873062322222799
596,LGT4EE,0.0007583464297075451,0.0008543980466631605
3,TYPEHUQ,0.0007564065634622109,0.00041292008365698997
134,SIZRFRI1,0.0007520881534123615,0.0012812272032188185
716,NKRGALNC,0.0007369116176724286,3.493866886537144e-05
169,AGEDW,0.0007363279877087374,0.00028461148339931373
149,SIZRFRI3,0.0007294808133799888,3.8201749181361495e-05
760,AGEHHMEMCAT3,0.0007289762064015753,0.0007569819180176538
779,SSINCOME,0.0007221439811917162,0.0008764605820355204
226,WASHTEMP,0.0007194268721913363,0.0008453612429123056
139,REPLCFRI,0.0007159663633958113,0.0007116073771944363
606,DOOR1SUM,0.0007121682238773968,0.0007423869757733232
461,NUMTHERM,0.0007077333005728792,0.0009368529163157116
706,PUGOTH,0.0007041608432627831,0.00032717569906225586
324,CHRGPLGE,0.0006982529825251111,0.0007236524218563365
458,EQMAMT,0.0006942242004477259,0.00036696764454560504
609,NEWGLASS,0.000692710757005976,0.00039195586227786254
131,COFFEE,0.0006732093716607852,0.0014516359937964123
732,ZPGASHTWA,0.0006627502468250943,0.00010767523070429985
431,REPLCHT,0.0006616349824385577,0.00027834152354355246
224,TOPFRONT,0.0006597835519738342,0.0005725762128844456
321,CHRGPLGT,0.0006596735937276501,0.0006332013270433082
287,NUMPC,0.0006595023552311483,0.00017610269614045594
520,ZWHEATSIZ,0.0006580582316874524,0.00013409440992438916
504,FUELH2O,0.0006571063882780577,0.0005513533821090636
595,LGT4,0.0006556723013080871,0.0010748684807920898
598,LGT1EE,0.0006512523767906812,0.000403366116008947
292,PCSLEEP1,0.000650080815927346,0.0009951758261953134
625,HELPAUDY,0.0006458782917753995,3.6339059085420474e-05
252,TVONWE1,0.0006458198242898464,0.0008180465057199037
556,USECFAN,0.0006427615703139464,0.0007250335072110152
529,COOLTYPENOAC,0.0006401404426420166,0.0
136,ICE,0.000638666805637595,0.0009591770957109132
540,USECENAC,0.0006312008445791994,0.013327255164905316
318,ANSMACH,0.0006311173425391549,0.000543199496136125
316,STEREO,0.0006274230291096292,0.0011640901353420394
225,WASHLOAD,0.000622659191480435,0.0006200504119568052
247,DVD1,0.0006211421065152203,0.0006323951502509586
285,TVONWEWATCH3,0.0006193491451669699,0.00038028176850590366
160,REPLCFRZ,0.0006181132631584199,0.00026368446953400974
518,ZFUELH2O,0.0006159688358276999,7.38114265894345e-05
830,TOTUCSQFT,0.0006111909342792703,0.016991479220542036
323,ELECCHRG,0.0006097928586063409,0.000484375627110798
532,CENACHP,0.0006093673248535385,0.0024817647836017317
782,RGLRPAY,0.0006077466277327052,0.0005050964588494963
234,DRYRFUEL,0.0006049075182220285,0.0004820435723314805
726,ZPELHOTWA,0.0006021219957903449,7.29954553268016e-05
294,MONITOR2,0.000602079632266876,0.00022460637932145562
54,ATTICUSE,0.0005986161464689068,0.00013031990360252036
787,RENTHELP,0.0005964734261825904,0.0007667779928655715
271,TVTYPE3,0.0005939835276577983,0.0005425154354923646
317,NOCORD,0.000590627560716532,0.0010047207817507535
238,TVSIZE1,0.0005900910109337304,0.0008399041789377969
245,COMBOVCRDVD1,0.0005874527495806978,0.0007012496603762694
300,TIMEON3,0.0005864036448948529,0.0003155766591370478
662,ELWATER,0.0005803568819816708,0.00023134261571517304
172,HELPDW,0.0005793328716386168,0.0002356568893634574
775,TELLDAYS,0.0005714358220395078,0.0004904345003907405
610,HELPWIN,0.0005694090542668276,0.00028048543355580814
522,ZWHEATBKT,0.0005643260691034472,0.0004287294499797481
61,SIZEOFDETACH,0.0005571161912538997,0.00022017285789710704
128,TOASTER,0.0005536139378385639,0.0008559075035755998
283,TVONWDWATCH3,0.0005520173614350667,0.0002999774275010579
498,ZTEMPNITE,0.0005513542354040142,7.314517546239467e-05
438,FURNFUEL,0.0005508485742748273,0.00020721302339019439
266,TVONWD2,0.0005411335377561986,0.000475608273946526
312,WELLPUMP,0.0005374943212194018,0.0002893622360599491
315,AQUARIUM,0.000537328709129664,0.00013463608051251488
311,COPIER,0.0005356822215861471,0.0003740861080930486
555,NUMCFAN,0.0005334807680338592,0.0008471629279035888
701,PELLIGHT,0.0005262012150046905,0.0027312930997690716
602,INSTLCFL,0.0005238802568876038,0.0004919557744759516
286,COMPUTER,0.0005162991503473936,0.00014069097253823778
761,AGEHHMEMCAT4,0.0005137782880779936,0.0005560672626594329
223,CWASHER,0.0005118098055262329,0.0002467129454246624
26,STORIES,0.0005102415868202793,0.0004155762191559646
469,USEMOISTURE,0.0005097909329830268,6.52880172236276e-05
601,NGASLIGHT,0.0005086397315324619,0.0005565694079289847
290,TIMEON1,0.0005008744628500823,0.0006817738451736232
12,KOWNRENT,0.0005006246364395648,0.00028488194268571574
674,LPOTHER,0.0004968127489228824,0.0003549135977837128
614,AGEINS,0.0004963805959247213,0.0004612357194772003
676,FOILAUX,0.0004951633560883927,3.834496059297149e-06
449,CARRYKER,0.0004948901845188333,7.800582534461295e-07
552,HELPWWAC,0.0004935092338024237,0.0002508076933551985
171,REPLCDW,0.0004932182751897694,0.00035816231112781874
618,INSTLWS,0.0004898308571467645,0.00039556331996702014
586,HIGHCEIL,0.0004875578732647821,0.0004903270209456683
228,AGECWASH,0.00048686949876158663,0.0007294983386438936
168,DWASHUSE,0.00048216665576507366,0.0008211850274447765
274,DVR3,0.0004779981215192834,0.0002984189956735956
250,TVONWD1,0.0004736974850187154,0.0008258728666937591
658,USEOTH,0.00047136432126503063,0.00026904662195296867
456,DIFEQUIP,0.0004712777161082601,1.5289216784506016e-06
306,INCABLE,0.0004676481252733022,0.00047802529020041
257,COMBODVR2,0.0004668708185651406,0.00047163247840430894
197,ZREFRIGT1,0.00046680286409493156,0.0006254774266295802
255,TVTYPE2,0.0004653633350491528,0.0003799368083459393
712,LPGDELV,0.0004584919315290603,0.0005166116655884269
720,WDOTHER,0.00045813432431935817,5.70631101945021e-05
600,LGTOEE,0.00045271218476926193,0.00024090102471453924
291,PCONOFF1,0.00044882238296606195,0.0002492746202947876
677,FOWATER,0.00044828881607343103,5.399314216871396e-06
157,SIZFREEZ,0.0004419029427447929,0.00015992988154688877
263,DVD2,0.00044034051281392707,0.0004214433882024007
721,WOODAMT,0.00043658930738784015,8.989164529970242e-05
258,DVR2,0.00042978159604386705,0.000506827010247223
268,TVONWE2,0.0004273645225466902,0.0004107937330408406
125,OUTGRILLFUEL,0.0004267270448780597,0.0002715853446162178
18,ORIG1FAM,0.0004215748466210761,9.30167174769765e-05
120,TYPECLN,0.00040828375822413306,0.0008557703513978109
233,DRYER,0.00040200051908812243,0.0003917125753346336
835,ZTOTCSQFT,0.0003999585386932022,5.641952877817083e-05
24,STUDIO,0.0003990936852963825,0.0006042833341349653
551,REPLCWWAC,0.00039880326472924307,0.0002575741013556245
785,POVERTY150,0.00039703168915569025,0.0007058901179976961
786,HUPROJ,0.0003953197582261498,0.00045660987773327286
558,NOTMOIST,0.0003812807684334853,6.351740859320523e-05
302,PCSLEEP3,0.0003783133904348192,0.00015987102735929223
241,COMBODVR1,0.0003781701134425194,0.0007758007488522591
705,PUGCOOK,0.0003732358879920355,0.0014865928213384926
36,BASEFIN,0.0003730783003057427,0.0006410634977063191
603,HELPCFL,0.00037305429031588456,0.0003942912584804035
663,ELFOOD,0.0003717993788670884,0.0007795617187979289
307,INSATEL,0.00037161169859240706,0.00016424064299851924
66,ZYEARMADERANGE,0.00037051647299909333,0.0002512205508851449
140,HELPFRI,0.0003680300684036443,0.0005151979813319228
231,HELPCW,0.0003656922083429502,0.0007808103654519739
270,TVSIZE3,0.00036536690044745206,0.00021296005721334237
442,PIPELESS,0.0003636203362058009,3.799569177019542e-05
604,HELPCFLY,0.00036347333605464554,2.56884970331856e-05
41,BASECOOL,0.00036263066958800734,0.0005040730318789851
707,OTHERWAYNG,0.00036162048108823,0.0004889500017608302
704,PGASHTWA,0.00036116924811964234,0.0011112146150812922
821,ZMONEYPY,0.0003572119608699402,0.00044855484688717886
237,TVCOLOR,0.00035489892888311135,0.00023260377546817615
267,TVONWDWATCH2,0.00035013766209649697,0.0003829769657919972
309,PCPRINT,0.00034994422986703083,0.00038449476748558917
505,WHEATOTH,0.00034905700208837705,0.0002887819499790268
509,HELPWH,0.00034714780571058876,0.0001638765819627024
666,UGASAUX,0.00034623576616685313,0.0001221614990654696
230,REPLCCW,0.00034387077354787823,0.0004449904103427631
25,NAPTFLRS,0.000343240541644484,0.0003431060848955257
669,UGOTH,0.0003413008078252651,0.0001760204468430058
463,AUTOHEATNITE,0.00034006253104271905,0.00023561616379226446
543,AUTOCOOLNITE,0.0003346929557420594,0.00021433252199918917
550,ESWWAC,0.0003267777339293761,0.0014025953283833598
794,ZHouseholder_Race,0.00032631622832944714,0.0003259037351879775
20,NUMFLRS,0.0003233078777576079,0.00017508591014353387
246,VCR1,0.00032286705189731024,0.0003593392221659515
478,ZHEATOTH,0.0003221290155927351,3.80829064656303e-05
159,AGEFRZR,0.0003216569716724015,0.0006651986714756484
546,TEMPGONEAC,0.00031930221716614806,0.017536912355525597
236,AGECDRYER,0.00031435382842998316,0.0011190465452318283
508,WHEATBKT,0.00031154310515409047,0.0003083634607483379
554,USEWWAC,0.00031064444950501394,0.04304853263237879
468,MOISTURE,0.00030898666066131344,0.00012051634930428836
277,COMBOVCRDVD3,0.00030474512175295097,0.00010798958180693665
259,DIGITSTB2,0.000304287429213055,0.00041625775459804015
244,PLAYSTA1,0.0003030351833004662,0.00034610935369732364
536,REPLCCAC,0.00030264607843825156,0.00023927687840390508
530,COOLTYPE,0.000301678769357124,0.000484029870747106
788,FOODASST,0.00030132308548137273,0.0005216179940574424
256,CABLESAT2,0.00029798830103996466,0.0004148456527307022
624,HELPAUD,0.00029796701964735915,0.00016403640621801214
11,UR,0.0002967020390131854,0.0008635191938442053
229,ESCWASH,0.0002955446156456481,0.0006102150425211358
652,USENG,0.0002912729500855685,0.000254868913959597
537,HELPCAC,0.0002887807336973261,0.0004833576316644185
13,CONDCOOP,0.00028611260477314784,0.0005470939513800741
446,WOODKILN,0.0002854503357790089,1.2416868144066632e-05
85,ZCONCRETE,0.00028462951693732037,0.00016037779745277784
464,AUTOHEATDAY,0.00028388773882752935,0.0002342369973411828
50,PCTATTHT,0.00028077472908514774,1.8143830186973996e-07
70,ZLOOKLIKE,0.00028052703763331344,6.321003976880527e-05
251,TVONWDWATCH1,0.00027955491868277704,0.0002788076571791332
295,TIMEON2,0.00027882251667692945,0.0003343180748957929
253,TVONWEWATCH1,0.00027849577502427525,0.0003717747410179644
516,ZNUMH2ONOTNK,0.0002766999389879822,5.319613499201404e-05
534,MAINTAC,0.00027514633597164513,0.00045052316943614825
605,SLDDRS,0.0002732142491992576,0.0009992301598579396
700,PELAC,0.0002730944109097315,0.007478331430959999
565,ZCENACHP,0.0002718352464249607,0.00024767341458154706
451,FPFUEL,0.0002708000994819797,6.307154292149061e-05
702,OTHERWAYEL,0.00026821383900015077,0.002801673076388439
644,ZINSTLINS,0.0002681466757236906,2.278593611598107e-05
288,PCTYPE1,0.00026742003091818054,0.0004247383405258917
531,DUCTS,0.000266728546570169,0.0001210251160037672
115,STOVEFUEL,0.0002657821453402847,0.00027655639339108713
559,USENOTMOIST,0.0002646476412562776,0.00010370381753087913
113,STOVENFUEL,0.0002614012694861608,0.0004367984133112193
279,DVD3,0.00026139463620371994,0.00020211889230191196
795,ZEDUCATION,0.00025967309329223427,7.033311312808794e-05
671,LPGAUX,0.00025731576385167184,0.0003667130936442908
762,AGEHHMEMCAT5,0.0002534748623911925,0.0002467288210467898
453,USENGFP,0.00025264041809075927,7.112934937210299e-05
440,RADFUEL,0.00025187306756511025,2.327309565255199e-06
653,USELP,0.0002506738691203338,0.00017690151524964642
305,INDSL,0.0002496365650000342,0.0004143738317356967
282,TVONWD3,0.0002468431093973451,0.00030089770047255214
789,ZHHSEX,0.0002461416965984489,9.503463398088431e-07
330,ZAGECWASH,0.0002459141086597196,8.718144490079671e-05
269,TVONWEWATCH2,0.0002457054092013315,0.000707481734874309
445,RMHTFUEL,0.0002447880586337319,2.754756007473619e-05
46,ATTICFIN,0.00024306707987682206,0.0002965043888655462
836,ZTOTUCSQFT,0.00024292106638490327,8.22450246913843e-05
142,TYPERFR2,0.0002425287904170096,0.00037475157255824224
196,ZSIZRFRI1,0.00024249658772730557,0.00015286664933539918
444,ROOMHEAT,0.0002401606574728685,3.3084073310928085e-05
527,AIRCOND,0.00023945343596558328,0.03391840042530928
591,RECBATH,0.0002360411790018742,0.00013164904393050822
147,ESFRIG2,0.0002354052699256537,0.000250625986637435
141,HELPFRIY,0.00023475991729356594,6.202262910420913e-05
654,USEFO,0.00023066167665525584,1.1723625870776367e-05
248,TVAUDIOSYS1,0.00023054374549281702,0.0005531100575936048
114,STOVE,0.00022713153414854,0.00030998666243563656
280,TVAUDIOSYS3,0.000226848323632941,8.798866398798447e-05
774,TELLWORK,0.00022325690302875178,0.0002301273093011304
437,WARMAIR,0.00022248027585348567,5.096822076230052e-05
454,RANGE,0.00022122427659256055,0.0001247617897636148
715,NOCRCASH,0.0002205655966703335,4.729624858624244e-07
158,FREEZER,0.00021948411650442103,0.0001533182073902199
232,HELPCWY,0.00021864081116885776,0.00013308187360051697
337,ZTVTYPE1,0.000218229215361916,9.317065173614018e-07
265,OTHERSTB2,0.00021684596375750806,0.00013611043848541703
568,ZAGECENAC,0.00021330066786830765,0.0002174888184067677
772,HBUSNESS,0.0002118857706515993,0.0005983526556357099
450,CHIMNEY,0.00021020589686230047,0.00012013690490214691
699,PELCOOK,0.0002096919799070112,0.0003958078103798037
615,HELPINS,0.00020962117975138677,0.00048626834191720786
611,HELPWINY,0.00020953324151006848,7.307732298080712e-05
497,ZTEMPGONE,0.00020804995640422768,0.00010873888719354187
776,OTHWORK,0.00020460784531824893,0.006109982906424916
127,STGRILA,0.00020452039100653797,0.00046002335360776454
130,FUELFOOD,0.00020367845964761375,0.000507364605857753
443,PIPEFUEL,0.00019910140128854268,3.522218870116761e-06
275,DIGITSTB3,0.0001967441465331609,0.0003666575476820718
116,OVEN,0.00019400908031254275,0.00047095623880040314
763,AGEHHMEMCAT6,0.00019377410509274702,0.00016194943353857512
284,TVONWE3,0.00019352483401761667,0.00041272354876588396
579,ZWWACAGE,0.00019227945182659774,8.579863447203643e-05
261,COMBOVCRDVD2,0.00019041950368725482,0.00023079805597170413
439,STEAMR,0.0001891782745074107,2.2382363705380466e-05
833,ZTOTHSQFT,0.0001872442469605957,5.700792191346346e-05
575,ZTEMPHOMEAC,0.0001865538826804075,2.078595837125729e-05
622,AUDIT,0.00018548786485877595,0.0001502305087634519
143,SIZRFRI2,0.00018335075371392985,0.0002358319115720199
182,ZTYPECLN,0.00018085206750957644,4.9484382630282773e-05
709,OTHERWAYFO,0.00017723572161383076,3.593511566831007e-05
299,MONITOR3,0.00017664078956802749,0.0001107856348050304
719,WDPELLET,0.00017624977704379792,0.00023729799389822235
661,ELCOOL,0.00017095732247345287,0.011984675134221776
181,ZOVENCLN,0.00017047880760520624,8.677257008959173e-05
780,CASHBEN,0.0001693487894256891,0.0003572743207719372
293,PCTYPE2,0.0001670991636573065,0.00040204705093583335
621,HELPWSY,0.00016674656077828644,6.266723153401158e-05
39,BASEHT2,0.00016634294819785337,5.124383243909076e-05
329,ZRNSETEMP,0.00016517456612432464,2.4957821061351414e-05
161,HELPFRZ,0.00015530597060709495,0.00018365579392358013
249,OTHERSTB1,0.00015369049536001828,6.890733827143435e-05
132,NUMFRIG,0.00015344010894448459,0.0001062475302861338
126,TOPGRILL,0.0001529648835528166,8.923979807942457e-05
278,VCR3,0.0001527518609857012,0.00012682075291066145
672,LPWATER,0.00015186183809066397,0.00032605516982012287
51,ATTCCOOL,0.00015034650282470983,0.00010906359505128535
496,ZTEMPHOME,0.00015025219669618492,9.861276439172579e-05
296,PCONOFF2,0.00014969565076529222,0.0003125360515805882
303,INTERNET,0.00014955869351630433,0.00022557924253386683
710,LPGPAY,0.00014858773477369728,0.0006624892213814186
262,VCR2,0.0001479862843383779,0.00034993304212489133
155,NUMFREEZ,0.00014623893801305726,9.481875012579102e-05
154,SEPFREEZ,0.00014568574958287277,0.00022869038544565132
641,ZTYPEGLASS,0.00014335711852664357,1.1525374412869282e-05
37,FINBASERMS,0.00014175868417806058,0.00015376277916783292
582,ZUSECFAN,0.00014171765509746686,1.1255374970589868e-05
260,PLAYSTA2,0.00014082798713700744,0.0002993805443648076
452,NGFPFLUE,0.00013644282014911097,0.0002603450114989859
264,TVAUDIOSYS2,0.000136277045762569,0.0002772227451512607
545,TEMPHOMEAC,0.00013591828415325627,0.024297042656509716
276,PLAYSTA3,0.00013491760525422345,7.132665109854054e-05
156,UPRTFRZR,0.00013429792313008932,0.000173142027853074
334,ZAGECDRYER,0.00013390948103795755,0.0008929355533680809
592,FUELTUB,0.0001331721346881762,0.0002083856811232701
369,ZTVTYPE3,0.00013222458855426103,2.1165222670290764e-07
645,ZAGEINS,0.00013053936985403576,4.461652090407059e-05
616,HELPINSY,0.0001303993417014791,0.0003256161956168932
528,DNTAC,0.00012963008371743838,0.006153299138801534
797,ZAGEHHMEMCAT2,0.00012948606170501618,0.0001349055255843934
822,ZHUPROJ,0.00012831910978464264,5.876457006854432e-05
117,OVENFUEL,0.00012732860588692932,0.00013729767979808665
717,WOODLOGS,0.00012669107966866837,0.0002358344281828087
146,AGERFRI2,0.00012468112092155922,0.00038916256489179943
441,PERMELEC,0.00012202578461860384,3.503637708794997e-05
27,TYPEHUQ4,0.00012018679791261978,0.0004976494731140509
673,LPCOOK,0.00011975830746502311,0.00012372109880077147
297,PCSLEEP2,0.0001195868410762388,9.369981945536626e-05
301,PCONOFF3,0.0001187276645941023,0.00027807535764966403
683,WDWARM,0.00011825596481131127,1.7801197635233094e-05
48,ATTCHEAT,0.0001167667874318095,9.501420773195873e-05
566,ZACOTHERS,0.00011603220643076149,4.0859167048256185e-05
834,ZTOTUSQFT,0.00011143853782224983,5.275835836906358e-05
680,KEROAUX,0.00011054351292258784,2.6634325916174493e-08
791,ZEMPLOYHH,0.00010944865774985156,8.972661711094771e-07
40,PCTBSTHT,0.00010872041895486218,0.0001351732880841364
623,AGEAUD,0.00010528380675460896,6.597584714875988e-05
686,WDOTHUSE,0.00010508082852661227,6.68957813507902e-05
544,AUTOCOOLDAY,0.00010454154079473247,0.0003586387949785756
19,LOOKLIKE,0.00010301450606827186,3.260024949033824e-05
643,ZADQINSUL,0.00010271766063501668,9.54770085216937e-05
112,STOVEN,0.00010134042572087689,0.00019060354867551886
455,RNGFUEL,9.708475810954572e-05,0.0004693584451282225
72,ZNUMAPTS,9.472399079275804e-05,4.158219110548583e-05
590,FUELPOOL,9.320954439605873e-05,0.00021733704741490898
476,ZMAINTHT,9.205014488321753e-05,7.536814080819998e-05
711,OTHERWAYLPG,9.12870508755903e-05,0.0
547,TEMPNITEAC,8.997050989634294e-05,0.01619974677132285
514,WHEATAGE2,8.844638255605998e-05,0.00013072492592204618
493,ZPROTHERM,8.80093207647407e-05,1.1830918983995734e-10
144,REFRIGT2,8.787154014847605e-05,0.0002600925371817976
832,ZTOTSQFT_EN,8.76593659093475e-05,5.424067542559425e-05
515,ZNUMH2OHTRS,8.765004128253802e-05,9.555581975580675e-06
447,HSFUEL,8.655216602335928e-05,6.68329114119703e-05
656,USEWOOD,8.420811041514082e-05,1.3839983688567267e-05
502,NUMH2OHTRS,7.849693564395221e-05,0.00011622995027162639
684,WOODAUX,7.687894106171056e-05,6.283263640436594e-05
647,ZINSTLWS,7.636881200718279e-05,1.3125508524569849e-05
73,ZWALLTYPE,7.470240778683669e-05,7.974089491783579e-05
69,ZORIG1FAM,7.383024198663771e-05,2.034447973831649e-06
512,FUELH2O2,7.330121771397519e-05,0.00018755381096610977
42,BASECL2,7.28692124772128e-05,0.0003805699170006079
764,AGEHHMEMCAT7,7.11130283261484e-05,5.685848637117939e-05
731,ZPGASHEAT,6.863549616859786e-05,5.550231839954697e-05
95,ZATTIC,6.836702995747882e-05,0.00010483381170598525
736,ZFOPAY,6.640213828416764e-05,5.296608639253047e-06
222,ZAGEDW,6.554808641636665e-05,2.7138916584374474e-05
475,ZFUELHEAT,6.48441282973509e-05,2.384115700722333e-05
819,ZINVESTMT,6.45861772024493e-05,0.0001173811692993723
298,PCTYPE3,6.414892982272115e-05,0.00016979105735342987
681,KRWATER,6.172081668598923e-05,0.0
714,KEROCASH,6.136723597614197e-05,4.928756474716901e-07
513,WHEATSIZ2,5.858587138771216e-05,2.1613490842746552e-05
281,OTHERSTB3,5.7919951812060685e-05,4.212570384153328e-05
148,TYPERFR3,5.7830141887889134e-05,1.3535263575107081e-05
68,ZCONVERSION,5.733472607253703e-05,6.943590286414391e-06
501,NUMH2ONOTNK,5.5858801362624926e-05,3.2914915391316794e-05
418,ZBATCHRG,5.406835362593985e-05,2.4367928974460307e-06
503,H2OTYPE1,4.913583638365402e-05,3.602484933955563e-05
333,ZDRYRUSE,4.859711932415749e-05,0.0
474,ZEQUIPM,4.6414665095156155e-05,6.849371876993915e-07
569,ZUSECENAC,4.62884619091025e-05,1.7360753514113793e-05
790,ZHHAGE,4.5662149125024874e-05,2.3428900539971475e-05
692,OTHERAUX,4.447224797941729e-05,0.0001722001736827075
824,ZFOODASST,4.301197318710643e-05,3.3378745334578485e-06
682,KROTHER,4.284776343351357e-05,1.3147697535706873e-05
655,USEKERO,4.276050623537673e-05,3.250333867380326e-05
538,HELPCACY,4.213310330176271e-05,0.00028263117218033427
166,AGEFRZR2,4.18191313317855e-05,8.162418049589948e-05
733,ZPUGCOOK,4.1698238974820096e-05,0.0
570,ZACROOMS,4.1681089049017505e-05,0.00011575770220185052
341,ZDIGITSTB1,4.000628386401991e-05,6.939237881579982e-05
96,ZATTICFIN,3.9710080653220265e-05,5.45178615748757e-07
192,ZFUELFOOD,3.905639959280681e-05,3.2807384176938153e-07
690,SOLOTHER,3.899198626892819e-05,9.962530152444623e-06
571,ZTHERMAINAC,3.890061496225029e-05,1.039045063776269e-09
204,ZAGERFRI2,3.718026030688947e-05,2.931684045913838e-05
657,USESOLAR,3.6797010960108594e-05,0.0002019153941575132
43,PCTBSTCL,3.547913319482789e-05,1.2594408702061967e-05
152,AGERFRI3,3.531902776579724e-05,1.3101663337000607e-05
357,ZDIGITSTB2,3.499765563304755e-05,1.79386025213399e-07
339,ZCOMBODVR1,3.478602982714622e-05,1.229064440372301e-07
78,ZTYPEHUQ4,3.43835363819761e-05,0.0008617895320399695
47,FINATTRMS,3.411260912082653e-05,0.0004156688817074564
150,REFRIGT3,3.2744686192909606e-05,6.118053459910295e-05
718,WDSCRAP,3.1980750682105814e-05,5.164785320893575e-05
820,ZRGLRPAY,3.136044804585957e-05,2.200604206928709e-06
489,ZEQMAMT,3.114613007799951e-05,4.182830868324747e-06
354,ZCABLESAT2,3.0470453876174273e-05,0.0
389,ZPCONOFF1,2.988047605589161e-05,1.5453812453917154e-05
635,ZLGT1,2.953900299099366e-05,4.226869233087966e-05
328,ZWASHTEMP,2.952726734020498e-05,0.0002759851895006015
814,ZOTHWORK,2.8159085260761832e-05,1.6719882295408568e-06
511,H2OTYPE2,2.7997034422210707e-05,0.000277605276428187
164,SIZFREEZ2,2.6918548024173945e-05,2.5569599524139865e-05
818,ZCASHBEN,2.6846645923858366e-05,1.3528378784433134e-05
807,ZAGEHHMEMCAT12,2.634681217011599e-05,0.0
689,SOLWATER,2.6320874485628467e-05,0.0002771845398244651
817,ZSSINCOME,2.6194135416486293e-05,1.6320765265028663e-06
589,POOL,2.5692029194480198e-05,0.0004098632482145313
49,ATTCHT2,2.555577354045381e-05,3.1855277238003915e-05
340,ZDVR1,2.54248202910314e-05,2.299999710823107e-06
510,HELPWHY,2.4527020531171145e-05,1.1204097964589123e-05
173,HELPDWY,2.2421337450182693e-05,0.00011017569767876987
816,ZRETIREPY,2.2396390226859178e-05,1.1717400766049698e-05
402,ZINDIALUP,2.1182305529743424e-05,2.10272091207483e-06
646,ZDRAFTY,1.9680863278686296e-05,0.0
823,ZRENTHELP,1.9294633989411058e-05,6.877250854613195e-07
637,ZNGASLIGHT,1.9038094950676654e-05,3.002459432629651e-08
457,DIFFUEL,1.8886016167285184e-05,0.0002810170344009882
388,ZTIMEON1,1.7216015055871306e-05,4.067911522553725e-06
634,ZLGT4,1.6910224254781756e-05,2.3334710446897652e-05
92,ZBASECL2,1.6449139604985952e-05,0.0
564,ZDUCTS,1.5344049026158188e-05,0.0008964993829040487
694,OTHCOOK,1.5282646862278498e-05,1.112178789403709e-09
91,ZBASECOOL,1.5182003410173968e-05,6.945407178837887e-08
524,ZFUELH2O2,1.509412155136868e-05,0.0
633,ZLGT12,1.4695870511762796e-05,2.399147455115685e-05
355,ZCOMBODVR2,1.4535430926668847e-05,5.9344388169937894e-08
722,NUMCORDS,1.442455599829228e-05,3.914817669647968e-06
165,FREEZER2,1.3937619357487911e-05,1.583810553472586e-05
162,HELPFRZY,1.31365193033288e-05,2.1637033276742892e-05
201,ZSIZRFRI2,1.2064878538666244e-05,0.0
748,ZWOODAMT,1.1841808130073545e-05,2.5633048663817943e-05
576,ZTEMPGONEAC,1.1392221773855326e-05,7.944970490777849e-05
798,ZAGEHHMEMCAT3,1.0255575140645805e-05,1.785224414982727e-07
390,ZPCSLEEP1,1.0251535929298299e-05,0.0
632,ZFUELTUB,1.0074391005480119e-05,5.673422986389625e-06
332,ZDRYRFUEL,9.92010882209881e-06,2.0025313093635577e-05
792,ZSPOUSE,9.647012834084335e-06,2.815426516783221e-07
815,ZWORKPAY,9.47009305133983e-06,7.014285939924619e-06
811,ZATHOME,9.432614409719996e-06,4.52213851900052e-05
367,ZTVONWEWATCH2,9.28512086374516e-06,4.666483005292027e-06
495,ZAUTOHEATDAY,8.641175511302009e-06,3.5482216610716707e-06
398,ZTIMEON3,8.55424976261335e-06,5.591364389183357e-06
577,ZTEMPNITEAC,8.492864546558519e-06,6.290705128822526e-06
417,ZBATTOOLS,8.33521638770793e-06,8.169050781703447e-05
727,ZPELCOOK,7.939795343376733e-06,1.171785615466528e-08
410,ZWELLPUMP,7.925068984980405e-06,1.5890104754693273e-06
572,ZPROTHERMAC,7.3583194147185e-06,0.00022305247684830033
553,HELPWWACY,7.327070566765355e-06,2.3192859485421077e-06
436,REVERSE,6.470953308476029e-06,5.891459926502577e-05
406,ZINWIRELESS,6.4557717759484184e-06,2.3169655361640105e-06
567,ZMAINTAC,6.356690968242399e-06,8.51805808685085e-06
693,OTHWATER,6.121868654360026e-06,7.041798992504384e-08
580,ZUSEWWAC,6.044846223752416e-06,4.696791529951133e-06
405,ZINSATEL,6.043590686102949e-06,1.0384428921611877e-07
214,ZFREEZER,6.04100334044953e-06,1.3549153098921387e-05
215,ZAGEFRZR,6.028531480723315e-06,2.257125065961742e-06
84,ZCRAWL,5.839515517912268e-06,9.806257133174791e-06
735,ZOTHERWAYNG,5.743261473129953e-06,4.5170089676794365e-07
425,EQUIPNOHEAT,5.537310881819656e-06,0.00031944535190309836
393,ZTIMEON2,5.439752970826672e-06,1.4877052406601216e-07
526,ZWHEATAGE2,5.391972976490377e-06,1.0976289552715103e-06
365,ZTVONWDWATCH2,5.311261436274727e-06,0.0
678,FOOTHER,5.090090392486689e-06,5.4345672265285366e-05
685,WDWATER,4.762784154643721e-06,1.0407790302411117e-06
696,ONSITEGRID,4.559522253874653e-06,0.00042315544410007473
153,ESFRIG3,4.5593479520324e-06,1.1465939770039277e-05
765,AGEHHMEMCAT8,4.403801152845437e-06,5.731143080338471e-05
394,ZPCONOFF2,4.359634672228793e-06,1.8444822644730583e-06
98,ZATTCHEAT,4.264954885430951e-06,4.0727344729545084e-07
86,ZBASEFIN,4.202884700266885e-06,5.976611948237085e-07
796,ZNHSLDMEM,3.6162482283659286e-06,1.2461041807198132e-05
375,ZCOMBOVCRDVD3,3.3717912176595946e-06,3.189834267751929e-06
486,ZUSENGFP,3.328116471684592e-06,1.3707558399000628e-11
480,ZRADFUEL,3.079796006838581e-06,1.0530281036694841e-07
500,ZUSEMOISTURE,2.9195244419242034e-06,0.0
52,ATTCCL2,2.709590021144415e-06,3.126558639549034e-05
725,ZPELHEAT,2.697039217143089e-06,1.1268956982319401e-05
640,ZWINDOWS,2.684264532239679e-06,1.3544143798668534e-08
403,ZINDSL,2.6817641903899344e-06,1.8700314610370647e-05
649,ZAUDIT,2.6255061728410195e-06,2.0705923506655553e-05
728,ZPELAC,2.561327939133054e-06,9.720559156131419e-09
163,UPRTFRZR2,2.338379276672978e-06,6.473386548932328e-05
766,AGEHHMEMCAT9,2.0389916407337665e-06,1.6296658369601296e-05
109,ZGARGCOOL,1.9336118315570163e-06,7.143110217435639e-13
490,ZHEATROOM,1.9224369175157245e-06,1.373157607001081e-05
53,PCTATTCL,1.8880240588871205e-06,1.0525568319380704e-06
202,ZREFRIGT2,1.8695733325787917e-06,1.9346717367788782e-05
799,ZAGEHHMEMCAT4,1.834420492641473e-06,1.1123559531032215e-05
97,ZFINATTRMS,1.6349251618969352e-06,7.781233120630306e-07
793,ZSDESCENT,1.5261348292195655e-06,0.00046915840288666187
627,ZCATHCEIL,1.4589105608735994e-06,4.554009617395813e-08
636,ZNOUTLGTNT,1.4585073245801682e-06,1.0815524095842301e-09
87,ZFINBASERMS,1.3208489670636734e-06,1.33299712064099e-09
373,ZDIGITSTB3,1.2927808041186943e-06,7.527878323392503e-12
88,ZBASEHEAT,1.1616747711717606e-06,2.6967625995640814e-07
151,MONRFRI3,1.0857613992828231e-06,6.209746956032825e-05
642,ZNEWGLASS,9.829271843232056e-07,1.5800675688300712e-05
404,ZINCABLE,9.570277236488812e-07,2.4153914320041357e-06
688,SOLARAUX,8.661307672544208e-07,0.0
364,ZTVONWD2,8.354404365899815e-07,2.62774979986477e-06
562,ZCOOLTYPENOAC,7.487008913586705e-07,0.0
812,ZTELLWORK,7.357242703716569e-07,6.511169132799128e-06
419,ZCHRGPLGT,7.349419968178218e-07,1.4436054755802036e-07
628,ZSWIMPOOL,7.04251252346256e-07,7.412033436972692e-07
479,ZFURNFUEL,5.639798861813993e-07,2.7363371287882918e-05
356,ZDVR2,5.382812217745379e-07,5.134324690523827e-09
560,ZAIRCOND,5.196979711152704e-07,5.359410513915794e-10
80,ZNCOMBATH,4.934245699402337e-07,3.1529901989043914e-08
82,ZOTHROOMS,4.883173519636484e-07,2.507196171666562e-05
71,ZNUMFLRS,4.182707154419128e-07,4.04209020399885e-08
770,AGEHHMEMCAT13,4.01109657904399e-07,0.0
771,AGEHHMEMCAT14,3.84766783670526e-07,0.0
695,ONSITE,3.176698831897678e-07,7.728319927055833e-06
376,ZVCR3,3.1391707327346963e-07,4.151442082540079e-12
573,ZAUTOCOOLNITE,3.016284556363448e-07,3.0232823868274476e-05
485,ZNGFPFLUE,2.627437543207153e-07,9.819767755250887e-09
371,ZCOMBODVR3,2.59518941553558e-07,2.5898269188731637e-08
740,ZKERODEL,2.3764560946474768e-07,3.694353757429843e-10
494,ZAUTOHEATNITE,2.303052250490738e-07,0.0
738,ZLPGPAY,2.2995922688672219e-07,1.003645383940164e-05
729,ZPELLIGHT,1.7211834699293344e-07,5.899544989269257e-08
724,ZONSITEGRID,1.5167353590300718e-07,1.2360788722213463e-05
343,ZCOMBOVCRDVD1,1.375589235076948e-07,2.5709980780201907e-05
574,ZAUTOCOOLDAY,1.1782435922112777e-07,5.164864456560324e-05
83,ZCELLAR,8.489536417002871e-08,0.0
336,ZTVSIZE1,8.246554116323204e-08,0.0
578,ZNUMBERAC,7.854043721867945e-08,1.705883134954012e-10
94,ZBASEUSE,7.485100937532151e-08,0.0
806,ZAGEHHMEMCAT11,6.504004283305862e-08,0.0
491,ZTHERMAIN,5.452794286158462e-08,4.9081311411466065e-05
563,ZCOOLTYPE,5.275770880878846e-08,0.0
183,ZMICRO,4.93411523427585e-08,0.0
585,ZUSENOTMOIST,4.407146483856788e-08,7.6062492806205e-06
426,FUELNOHEAT,3.702696452388004e-08,9.416615506787398e-05
769,AGEHHMEMCAT12,3.4799800759748276e-08,0.0
800,ZAGEHHMEMCAT5,2.685973676067039e-08,1.1185781506649614e-06
749,ZNUMCORDS,2.117281005405635e-08,2.1435216675843746e-06
810,ZHBUSNESS,2.004551916682109e-08,1.878546695903044e-10
327,ZWASHLOAD,1.7078074998156095e-08,1.792055594406577e-07
200,ZTYPERFR2,1.2860183843932259e-08,0.0
801,ZAGEHHMEMCAT6,1.1683879375492189e-08,1.3366912130659661e-06
360,ZVCR2,8.869468762914433e-09,0.0
525,ZWHEATSIZ2,7.349912036120509e-09,6.950795063302738e-10
385,ZNUMPC,6.303020963750662e-09,0.0
77,ZSTORIES,6.1382540138341904e-09,0.0
768,AGEHHMEMCAT11,4.680281836140353e-09,4.553032920624082e-05
377,ZDVD3,4.336920375925225e-09,1.8914316860096264e-10
383,ZTVONWEWATCH3,4.209944797007225e-09,7.359001241638354e-06
730,ZOTHERWAYEL,3.429631390548148e-09,4.6260505166332816e-07
422,ZCHRGPLGE,2.4893957168881143e-09,7.343179247489806e-13
101,ZATTCCOOL,2.339865535571048e-09,4.1329170455250385e-08
106,ZSIZEOFGARAGE,2.080834973455511e-09,1.738554985048487e-09
110,ZPRKGPLC2,8.342105916249128e-10,4.099729219624005e-09
345,ZDVD1,6.906297145730671e-10,1.0831756396092593e-06
103,ZATTCCL2,4.588730697033645e-10,0.0
723,ZONSITE,2.710835569806738e-10,9.155107782569341e-06
401,ZINTERNET,2.470231416402439e-10,0.0
358,ZPLAYSTA2,2.2916326429300325e-10,0.0
64,ZCONDCOOP,1.3831293633594901e-10,0.0
372,ZDVR3,4.338556577803422e-11,1.2487194401704343e-10
105,ZPRKGPLC1,3.587663500491476e-11,2.4658544249969114e-08
395,ZPCSLEEP2,3.442949460082258e-11,0.0
734,ZPUGOTH,2.091432593797714e-12,6.295308856075747e-06
107,ZGARGLOC,3.678022792445332e-14,0.0
81,ZNHAFBATH,0.0,0.0
424,DNTHEAT,0.0,3.959201969314297e-05
79,ZBEDROOMS,0.0,0.0
420,ZELECDEV,0.0,0.0
767,AGEHHMEMCAT10,0.0,2.367773616399937e-11
346,ZTVAUDIOSYS1,0.0,0.0
350,ZTVONWE1,0.0,1.687489349464251e-07
75,ZSTUDIO,0.0,0.0
352,ZTVSIZE2,0.0,0.0
416,ZANSMACH,0.0,0.0
351,ZTVONWEWATCH1,0.0,7.485731699460203e-07
347,ZOTHERSTB1,0.0,3.803975408163403e-08
349,ZTVONWDWATCH1,0.0,0.0
421,ZELECCHRG,0.0,3.430196614614254e-05
348,ZTVONWD1,0.0,4.0238886505627507e-07
76,ZNAPTFLRS,0.0,0.0
631,ZRECBATH,0.0,0.0
415,ZNOCORD,0.0,2.066922817003165e-09
414,ZSTEREO,0.0,0.0
387,ZMONITOR1,0.0,1.191358348502307e-05
386,ZPCTYPE1,0.0,6.524355280088597e-12
813,ZTELLDAYS,0.0,7.521813512476983e-09
384,ZCOMPUTER,0.0,0.0
382,ZTVONWE3,0.0,0.0
381,ZTVONWDWATCH3,0.0,0.0
380,ZTVONWD3,0.0,0.0
379,ZOTHERSTB3,0.0,0.0
378,ZTVAUDIOSYS3,0.0,0.0
374,ZPLAYSTA3,0.0,0.0
370,ZCABLESAT3,0.0,0.0
368,ZTVSIZE3,0.0,0.0
366,ZTVONWE2,0.0,0.0
363,ZOTHERSTB2,0.0,0.0
362,ZTVAUDIOSYS2,0.0,0.0
361,ZDVD2,0.0,2.8928338932595897e-12
359,ZCOMBOVCRDVD2,0.0,1.0447602396946958e-08
809,ZAGEHHMEMCAT14,0.0,0.0
808,ZAGEHHMEMCAT13,0.0,0.0
391,ZPCTYPE2,0.0,0.0
407,ZPCPRINT,0.0,8.727089677958422e-08
413,ZAQUARIUM,0.0,0.0
67,ZOCCUPYYRANGE,0.0,0.0
63,ZKOWNRENT,0.0,0.0
412,ZSWAMPCOL,0.0,0.0
89,ZBASEHT2,0.0,0.0
409,ZCOPIER,0.0,7.746227714248104e-05
408,ZFAX,0.0,0.0
400,ZPCSLEEP3,0.0,0.0
805,ZAGEHHMEMCAT10,0.0,0.0
399,ZPCONOFF3,0.0,0.0
397,ZMONITOR3,0.0,2.7674064920113013e-10
396,ZPCTYPE3,0.0,0.0
392,ZMONITOR2,0.0,0.0
802,ZAGEHHMEMCAT7,0.0,0.0
803,ZAGEHHMEMCAT8,0.0,0.0
804,ZAGEHHMEMCAT9,0.0,0.0
411,ZDIPSTICK,0.0,0.0
737,ZOTHERWAYFO,0.0,0.0
90,ZPCTBSTHT,0.0,2.9321964038063063e-09
203,ZMONRFRI2,0.0,3.124077531687774e-05
194,ZNUMFRIG,0.0,0.0
584,ZNOTMOIST,0.0,1.5893121958961976e-09
664,ELOTHER,0.0,0.0
583,ZTREESHAD,0.0,0.0
581,ZNUMCFAN,0.0,0.0
195,ZTYPERFR1,0.0,0.0
561,ZDNTAC,0.0,0.0
198,ZICE,0.0,0.0
205,ZTYPERFR3,0.0,0.0
344,ZVCR1,0.0,1.2929390314474066e-07
206,ZSIZRFRI3,0.0,0.0
207,ZREFRIGT3,0.0,7.734324136277054e-06
208,ZMONRFRI3,0.0,7.709816813410034e-06
210,ZSEPFREEZ,0.0,0.0
211,ZNUMFREEZ,0.0,0.0
212,ZUPRTFRZR,0.0,0.0
213,ZSIZFREEZ,0.0,7.652128829908469e-07
216,ZUPRTFRZR2,0.0,0.0
193,ZCOFFEE,0.0,0.0
191,ZNUMMEAL,0.0,0.0
190,ZTOASTER,0.0,0.0
189,ZSTGRILA,0.0,0.0
639,ZDOOR1SUM,0.0,4.311783881939289e-05
630,ZFUELPOOL,0.0,0.0
629,ZPOOL,0.0,0.0
626,ZHIGHCEIL,0.0,0.0
174,ZSTOVEN,0.0,0.0
175,ZSTOVENFUEL,0.0,5.433078899736051e-08
176,ZSTOVE,0.0,0.0
177,ZSTOVEFUEL,0.0,1.866179600507764e-08
178,ZOVEN,0.0,0.0
179,ZOVENFUEL,0.0,0.0
180,ZOVENUSE,0.0,0.0
650,ZAGEAUD,0.0,0.0
651,USEEL,0.0,0.0
184,ZAMTMICRO,0.0,0.0
185,ZDEFROST,0.0,1.234999720630222e-05
186,ZOUTGRILL,0.0,0.0
187,ZOUTGRILLFUEL,0.0,2.1798572970981213e-07
217,ZSIZFREEZ2,0.0,0.0
687,SOLWARM,0.0,1.331403483011722e-09
218,ZFREEZER2,0.0,0.0
472,ZEQUIPNOHEAT,0.0,4.193382082230252e-05
470,ZHEATHOME,0.0,0.0
325,ZCWASHER,0.0,0.0
326,ZTOPFRONT,0.0,0.0
331,ZDRYER,0.0,0.0
93,ZPCTBSTCL,0.0,0.0
335,ZTVCOLOR,0.0,0.0
338,ZCABLESAT1,0.0,0.0
638,ZSLDDRS,0.0,0.0
739,ZOTHERWAYLPG,0.0,0.0
741,ZKEROCASH,0.0,9.88804934848642e-10
742,ZNOCRCASH,0.0,0.0
743,ZNKRGALNC,0.0,0.0
744,ZWOODLOGS,0.0,0.0
745,ZWDSCRAP,0.0,0.0
746,ZWDPELLET,0.0,0.0
747,ZWDOTHER,0.0,0.0
342,ZPLAYSTA1,0.0,4.214532767794388e-08
471,ZDNTHEAT,0.0,0.0
473,ZFUELNOHEAT,0.0,2.9392688239873468e-08
219,ZAGEFRZR2,0.0,0.0
481,ZPIPEFUEL,0.0,0.0
220,ZDISHWASH,0.0,0.0
111,ZSIZEOFDETACH,0.0,0.0
221,ZDWASHUSE,0.0,0.0
523,ZH2OTYPE2,0.0,0.0
517,ZH2OTYPE1,0.0,1.2837084525986802e-08
499,ZMOISTURE,0.0,7.316769195752311e-07
108,ZGARGHEAT,0.0,4.4654916488424024e-08
104,ZATTICUSE,0.0,0.0
102,ZPCTATTCL,0.0,0.0
100,ZPCTATTHT,0.0,0.0
492,ZNUMTHERM,0.0,0.0
488,ZDIFFUEL,0.0,0.0
99,ZATTCHT2,0.0,0.0
487,ZRNGFUEL,0.0,0.0
484,ZFPFUEL,0.0,0.0
483,ZHSFUEL,0.0,0.0
482,ZRMHTFUEL,0.0,0.0
188,ZTOPGRILL,0.0,0.0
